SET NAMES utf8mb4;
USE blog;
INSERT INTO `user` (`id`, `username`, `email`, `password`)
VALUES (1, 'user1', 'user1@example.com', '$2b$10$lroQDxcX1xIBeg.qqWco/OUaTsCOrWLGD5XS/4gjfhrD343Pk/E.G'),
       (2, 'user2', 'user2@example.com', '$2b$10$lroQDxcX1xIBeg.qqWco/OUaTsCOrWLGD5XS/4gjfhrD343Pk/E.G'),
       (3, 'user3', 'user3@example.com', '$2b$10$lroQDxcX1xIBeg.qqWco/OUaTsCOrWLGD5XS/4gjfhrD343Pk/E.G'),
       (4, 'user4', 'user4@example.com', '$2b$10$lroQDxcX1xIBeg.qqWco/OUaTsCOrWLGD5XS/4gjfhrD343Pk/E.G'),
       (5, 'user5', 'user5@example.com', '$2b$10$lroQDxcX1xIBeg.qqWco/OUaTsCOrWLGD5XS/4gjfhrD343Pk/E.G'),
       (6, 'user6', 'user6@example.com', '$2b$10$lroQDxcX1xIBeg.qqWco/OUaTsCOrWLGD5XS/4gjfhrD343Pk/E.G'),
       (7, 'user7', 'user7@example.com', '$2b$10$lroQDxcX1xIBeg.qqWco/OUaTsCOrWLGD5XS/4gjfhrD343Pk/E.G'),
       (8, 'user8', 'user8@example.com', '$2b$10$lroQDxcX1xIBeg.qqWco/OUaTsCOrWLGD5XS/4gjfhrD343Pk/E.G'),
       (9, 'user9', 'user9@example.com', '$2b$10$lroQDxcX1xIBeg.qqWco/OUaTsCOrWLGD5XS/4gjfhrD343Pk/E.G'),
       (10, 'user10', 'user10@example.com', '$2b$10$lroQDxcX1xIBeg.qqWco/OUaTsCOrWLGD5XS/4gjfhrD343Pk/E.G');


INSERT INTO `profile` (`user_id`, `first_name`, `last_name`, `age`, `gender`, `address`, `website`)
VALUES (1, 'Олег', 'Петров', 28, 'male', 'вул. Шевченка, 12, Київ, 01001', 'https://olegpetrov.com'),
       (2, 'Софія', 'Іванова', 32, 'female', 'вул. Хрещатик, 45, Київ, 01001', 'https://sofiaivanova.com'),
       (3, 'Максим', 'Сидоров', 45, 'male', 'вул. Руська, 88, Львів, 79000', 'https://maksymsidorov.com'),
       (4, 'Анна', 'Ковальчук', 25, 'female', 'вул. Пушкінська, 37, Харків, 61000', 'https://annakovalchuk.com'),
       (5, 'Денис', 'Кравчук', 36, 'male', 'вул. Саксаганського, 54, Київ, 01001', 'https://deniskravchuk.com'),
       (6, 'Марина', 'Мельник', 29, 'female', 'вул. Залізнична, 24, Одеса, 65000', 'https://marinamelnyk.com'),
       (7, 'Володимир', 'Дубовик', 42, 'male', 'вул. Гоголя, 73, Дніпро, 49000', 'https://volodymyrdubovyk.com'),
       (8, 'Наталія', 'Ткаченко', 34, 'female', 'вул. Кропивницького, 5, Запоріжжя, 69000',
        'https://nataliatkachenko.com'),
       (9, 'Сергій', 'Мартиненко', 31, 'male', 'вул. Інститутська, 13, Київ, 01001', 'https://serhiymartynenko.com'),
       (10, 'Юлія', 'Шевчук', 27, 'female', 'вул. Франка, 2, Львів, 79000', 'https://yuliashevchuk.com');


INSERT INTO `post` (`id`,`user_id`, `title`, `description`, `body`)
VALUES (1, 1, 'Інформаційні технології: вступ', 'Огляд сучасних інформаційних технологій', 'Тут іде текст статті...'),
       (2, 1, 'Хмарні технології та їх вплив', 'Аналіз переваг та недоліків хмарних технологій',
        'Тут іде текст статті...'),
       (3, 1, 'Тенденції розвитку ІТ-галузі', 'Прогнози розвитку інформаційних технологій', 'Тут іде текст статті...'),

       (4, 2, 'Основи тестування програмного забезпечення', 'Введення в тестування коду', 'Тут іде текст статті...'),
       (5, 2, 'Автоматизація тестування коду', 'Переваги та методи автоматизації тестування', 'Тут іде текст статті...'),
       (6, 2, 'Контроль якості коду та його оптимізація', 'Методи контролю якості коду', 'Тут іде текст статті...'),

       (7, 3, 'Основи машинного навчання', 'Вступ до машинного навчання', 'Тут іде текст статті...'),
       (8, 3, 'Методи оптимізації нейронних мереж', 'Техніки оптимізації нейронних мереж', 'Тут іде текст статті...'),
       (9, 3, 'Застосування машинного навчання в реальному світі', 'Приклади успішного застосування машинного навчання',
        'Тут іде текст статті...'),

       (10, 4, 'Основи веб-дизайну', 'Вступ до веб-дизайну', 'Тут іде текст статті...'),
       (11, 4, 'Адаптивний та респонсивний дизайн', 'Принципи адаптивного та респонсивного дизайну',
        'Тут іде текст статті...'),
       (12, 4, 'Модерні тенденції веб-дизайну', 'Аналіз сучасних тенденцій веб-дизайну', 'Тут іде текст статті...'),

       (13, 5, 'Основи роботи з базами даних', 'Вступ до роботи з базами даних', 'Тут іде текст статті...'),
       (14, 5, 'SQL запити та оптимізація', 'Основи роботи з SQL запитами', 'Тут іде текст статті...'),
       (15, 5, 'Шкалювання баз даних: вертикальне та горизонтальне', 'Стратегії шкалювання баз даних', 'Тут іде текст статті...'),

       (16, 6, 'Основи маркетингу в соціальних мережах', 'Вступ до маркетингу в соцмережах', 'Тут іде текст статті...'),
       (17, 6, 'Стратегії просування в Instagram', 'Техніки успішного просування в Instagram', 'Тут іде текст статті...'),
       (18, 6, 'Реклама та аналітика в Facebook', 'Основи рекламного менеджменту в Facebook', 'Тут іде текст статті...'),

       (19, 7, 'Основи розробки мобільних додатків', 'Вступ до мобільної розробки', 'Тут іде текст статті...'),
       (20, 7, 'Розробка на платформі Android', 'Основи розробки мобільних додатків для Android', 'Тут іде текст статті...'),
       (21, 7, 'Розробка на платформі iOS', 'Основи розробки мобільних додатків для iOS', 'Тут іде текст статті...'),

       (22, 8, 'Основи кібербезпеки', 'Вступ до кібербезпеки', 'Тут іде текст статті...'),
       (23, 8, 'Техніки захисту від взлому', 'Методи захисту від зловмисників', 'Тут іде текст статті...'),
       (24, 8, 'Криптографія та зашифрування', 'Основи криптографії та зашифрування даних', 'Тут іде текст статті...'),

       (25, 9, 'Основи роботи з 3D-графікою', 'Вступ до 3D-графіки', 'Тут іде текст статті...'),
       (26, 9, 'Моделювання та анімація 3D-об’єктів', 'Техніки моделювання та анімації 3D-об’єктів', 'Тут іде текст статті...'),
       (27, 9, 'Рендеринг та освітлення сцени', 'Основи рендерингу та освітлення 3D-сцен', 'Тут іде текст статті...'),

       (28, 10, 'Основи роботи з відео', 'Вступ до роботи з відеоматеріалами', 'Тут іде текст статті...'),
       (29, 10, 'Техніки монтажу відео', 'Основи монтажу відеофрагментів', 'Тут іде текст статті...'),
       (30, 10, 'Створення відеофільмів з ефектами', 'Техніки створення відеофільмів з ефектами', 'Тут іде текст статті...');

INSERT INTO `comments` (`user_id`, `post_id`, `name`, `message`)
VALUES (2, 1, 'Коментатор 1', 'Дуже корисна стаття!'),
       (3, 1, 'Коментатор 2', 'Цікаві думки.'),
       (4, 1, 'Коментатор 3', 'Дякую за інформацію!'),
       (5, 1, 'Коментатор 4', 'Згоден з автором.'),
       (6, 1, 'Коментатор 5', 'Хороший огляд.'),

       (2, 2, 'Коментатор 1', 'Хмарні технології - майбутнє!'),
       (3, 2, 'Коментатор 2', 'Безпека важлива.'),
       (4, 2, 'Коментатор 3', 'Цікаво читати.'),
       (5, 2, 'Коментатор 4', 'Чудова стаття.'),
       (6, 2, 'Коментатор 5', 'Захоплююче.'),

       (2, 3, 'Коментатор 1', 'Швидкість інтернету важлива.'),
       (3, 3, 'Коментатор 2', 'Класна стаття!'),
       (4, 3, 'Коментатор 3', 'Молодець, авторе!'),
       (5, 3, 'Коментатор 4', 'Рекомендую прочитати.'),
       (6, 3, 'Коментатор 5', 'Підтримую.'),

       (2, 4, 'Коментатор 1', 'Цікава тема!'),
       (3, 4, 'Коментатор 2', 'Добре розписано.'),
       (4, 4, 'Коментатор 3', 'Хороша робота.'),
       (5, 4, 'Коментатор 4', 'Варто прочитати.'),
       (6, 4, 'Коментатор 5', 'Згоден.'),

       (2, 5, 'Коментатор 1', 'Чудовий пост!'),
       (3, 5, 'Коментатор 2', 'Корисна інформація.'),
       (4, 5, 'Коментатор 3', 'Дякую, цікаво.'),
       (5, 5, 'Коментатор 4', 'Відмінна стаття.'),
       (6, 5, 'Коментатор 5', 'Підтримую вашу думку.'),

       (2, 6, 'Коментатор 1', 'Цікавий матеріал!'),
       (3, 6, 'Коментатор 2', 'Дуже корисно.'),
       (4, 6, 'Коментатор 3', 'Хороший огляд.'),
       (5, 6, 'Коментатор 4', 'Супер, дякую.'),
       (6, 6, 'Коментатор 5', 'Варто прочитати.'),

       (2, 7, 'Коментатор 1', 'Відмінно розписано!'),
       (3, 7, 'Коментатор 2', 'Цікава стаття.'),
       (4, 7, 'Коментатор 3', 'Дякую за інформацію.'),
       (5, 7, 'Коментатор 4', 'Буду слідувати порадам.'),
       (6, 7, 'Коментатор 5', 'Гарна робота.'),

       (2, 8, 'Коментатор 1', 'Хороший пост!'),
       (3, 8, 'Коментатор 2', 'Цікаво читати.'),
       (4, 8, 'Коментатор 3', 'Дуже корисна стаття.'),
       (5, 8, 'Коментатор 4', 'Відмінна робота.'),
       (6, 8, 'Коментатор 5', 'Згоден з автором.'),

       (2, 9, 'Коментатор 1', 'Класна стаття!'),
       (3, 9, 'Коментатор 2', 'Хороші поради.'),
       (4, 9, 'Коментатор 3', 'Рекомендую прочитати.'),
       (5, 9, 'Коментатор 4', 'Відмінний огляд.'),
       (6, 9, 'Коментатор 5', 'Підтримую вашу думку.'),

       (2, 10, 'Коментатор 1', 'Відмінний матеріал!'),
       (3, 10, 'Коментатор 2', 'Цікаві думки.'),
       (4, 10, 'Коментатор 3', 'Корисна стаття.'),
       (5, 10, 'Коментатор 4', 'Хороша робота.'),
       (6, 10, 'Коментатор 5', 'Підтримую вашу думку.'),

       (2, 11, 'Коментатор 1', 'Хороший огляд!'),
       (3, 11, 'Коментатор 2', 'Цікаво читати.'),
       (4, 11, 'Коментатор 3', 'Дуже корисно.'),
       (5, 11, 'Коментатор 4', 'Відмінна стаття.'),
       (6, 11, 'Коментатор 5', 'Згоден з автором.'),

       (2, 12, 'Коментатор 1', 'Класна стаття!'),
       (3, 12, 'Коментатор 2', 'Хороші поради.'),
       (4, 12, 'Коментатор 3', 'Рекомендую прочитати.'),
       (5, 12, 'Коментатор 4', 'Відмінний огляд.'),
       (6, 12, 'Коментатор 5', 'Підтримую вашу думку.'),

       (2, 13, 'Коментатор 1', 'Відмінний матеріал!'),
       (3, 13, 'Коментатор 2', 'Цікаві думки.'),
       (4, 13, 'Коментатор 3', 'Корисна стаття.'),
       (5, 13, 'Коментатор 4', 'Хороша робота.'),
       (6, 13, 'Коментатор 5', 'Підтримую вашу думку.'),

       (2, 14, 'Коментатор 1', 'Хороший огляд!'),
       (3, 14, 'Коментатор 2', 'Цікаво читати.'),
       (4, 14, 'Коментатор 3', 'Дуже корисно.'),
       (5, 14, 'Коментатор 4', 'Відмінна стаття.'),
       (6, 14, 'Коментатор 5', 'Згоден з автором.'),

       (2, 15, 'Коментатор 1', 'Класна стаття!'),
       (3, 15, 'Коментатор 2', 'Хороші поради.');

